order_id,amount,order_date,customer_name
ORD-SEP-1001,499.0,2026-09-01 10:35:00,Ananya Sen
ORD-SEP-1002,1250.0,2026-09-01 11:10:00,Deepak Rao
ORD-SEP-1003,24500.0,2026-09-01 11:45:00,Vikram Patel
ORD-SEP-1004,12900.0,2026-09-01 12:20:00,Rohan Verma
ORD-SEP-1005,499.0,2026-09-01 12:55:00,Sneha Kulkarni
ORD-SEP-1006,1250.0,2026-09-01 13:30:00,Rohan Verma
ORD-SEP-1007,12900.0,2026-09-01 14:05:00,Neha Gupta
ORD-SEP-1008,1250.0,2026-09-01 14:40:00,Vikram Patel
ORD-SEP-1009,48000.0,2026-09-01 15:15:00,Manish Reddy
ORD-SEP-1010,48000.0,2026-09-01 15:50:00,Meera Pillai
ORD-SEP-1011,24500.0,2026-09-01 16:25:00,Siddharth Roy
ORD-SEP-1012,2999.0,2026-09-01 17:00:00,Sneha Kulkarni
ORD-SEP-1013,48000.0,2026-09-01 17:35:00,Kavita Nair
ORD-SEP-1014,499.0,2026-09-01 18:10:00,Arjun Das
ORD-SEP-1015,2999.0,2026-09-01 18:45:00,Sneha Kulkarni
ORD-SEP-1016,12900.0,2026-09-01 19:20:00,Meera Pillai
ORD-SEP-1017,24500.0,2026-09-01 19:55:00,Pooja Iyer
ORD-SEP-1018,5499.0,2026-09-01 20:30:00,Manish Reddy
ORD-SEP-1019,48000.0,2026-09-01 21:05:00,Rohan Verma
ORD-SEP-1020,12900.0,2026-09-01 21:40:00,Ananya Sen
ORD-SEP-1021,499.0,2026-09-01 22:15:00,Vikram Patel
ORD-SEP-1022,48000.0,2026-09-01 22:50:00,Ananya Sen
ORD-SEP-1023,48000.0,2026-09-01 23:25:00,Pooja Iyer
ORD-SEP-1024,5499.0,2026-09-02 00:00:00,Vikram Patel
ORD-SEP-1025,24500.0,2026-09-02 00:35:00,Pooja Iyer
ORD-SEP-1026,1250.0,2026-09-02 01:10:00,Meera Pillai
ORD-SEP-1027,1250.0,2026-09-02 01:45:00,Arjun Das
ORD-SEP-1028,24500.0,2026-09-02 02:20:00,Ananya Sen
ORD-SEP-1029,12900.0,2026-09-02 02:55:00,Gaurav Bhat
ORD-SEP-1030,12900.0,2026-09-02 03:30:00,Ananya Sen
ORD-SEP-1031,1250.0,2026-09-02 04:05:00,Deepak Rao
ORD-SEP-1032,2999.0,2026-09-02 04:40:00,Manish Reddy
ORD-SEP-1033,24500.0,2026-09-02 05:15:00,Gaurav Bhat
ORD-SEP-1034,1250.0,2026-09-02 05:50:00,Arjun Das
ORD-SEP-1035,48000.0,2026-09-02 06:25:00,Meera Pillai
ORD-SEP-1036,2999.0,2026-09-02 07:00:00,Arjun Das
ORD-SEP-1037,12900.0,2026-09-02 07:35:00,Rohan Verma
ORD-SEP-1038,1250.0,2026-09-02 08:10:00,Gaurav Bhat
ORD-SEP-1039,5499.0,2026-09-02 08:45:00,Ananya Sen
ORD-SEP-1040,1250.0,2026-09-02 09:20:00,Gaurav Bhat
ORD-SEP-1041,1250.0,2026-09-02 09:55:00,Pooja Iyer
ORD-SEP-1042,24500.0,2026-09-02 10:30:00,Deepak Rao
ORD-SEP-1043,12900.0,2026-09-02 11:05:00,Rajesh Joshi
ORD-SEP-1044,1250.0,2026-09-02 11:40:00,Sneha Kulkarni
ORD-SEP-1045,499.0,2026-09-02 12:15:00,Kavita Nair
ORD-SEP-1046,48000.0,2026-09-02 12:50:00,Siddharth Roy
ORD-SEP-1047,24500.0,2026-09-02 13:25:00,Rohan Verma
ORD-SEP-1048,12900.0,2026-09-02 14:00:00,Kavita Nair
ORD-SEP-1049,5499.0,2026-09-02 14:35:00,Rohan Verma
ORD-SEP-1050,12900.0,2026-09-02 15:10:00,Rajesh Joshi
ORD-SEP-1051,24500.0,2026-09-02 15:45:00,Pooja Iyer
ORD-SEP-1052,24500.0,2026-09-02 16:20:00,Deepak Rao
ORD-SEP-1053,48000.0,2026-09-02 16:55:00,Gaurav Bhat
ORD-SEP-1054,499.0,2026-09-02 17:30:00,Ananya Sen
ORD-SEP-1055,1250.0,2026-09-02 18:05:00,Pooja Iyer
ORD-SEP-1056,24500.0,2026-09-02 18:40:00,Manish Reddy
ORD-SEP-1057,12900.0,2026-09-02 19:15:00,Gaurav Bhat
ORD-SEP-1058,12900.0,2026-09-02 19:50:00,Siddharth Roy
ORD-SEP-1059,48000.0,2026-09-02 20:25:00,Gaurav Bhat
ORD-SEP-1060,48000.0,2026-09-02 21:00:00,Ananya Sen
ORD-SEP-1061,1250.0,2026-09-02 21:35:00,Ananya Sen
ORD-SEP-1062,12900.0,2026-09-02 22:10:00,Arjun Das
ORD-SEP-1063,12900.0,2026-09-02 22:45:00,Siddharth Roy
ORD-SEP-1064,499.0,2026-09-02 23:20:00,Arjun Das
ORD-SEP-1065,48000.0,2026-09-02 23:55:00,Rohan Verma
ORD-SEP-1066,1250.0,2026-09-03 00:30:00,Siddharth Roy
ORD-SEP-1067,12900.0,2026-09-03 01:05:00,Aditi Sharma
ORD-SEP-1068,24500.0,2026-09-03 01:40:00,Rohan Verma
ORD-SEP-1069,48000.0,2026-09-03 02:15:00,Manish Reddy
ORD-SEP-1070,1250.0,2026-09-03 02:50:00,Neha Gupta
ORD-SEP-1071,12900.0,2026-09-03 03:25:00,Ananya Sen
ORD-SEP-1072,12900.0,2026-09-03 04:00:00,Kavita Nair
ORD-SEP-1073,1250.0,2026-09-03 04:35:00,Meera Pillai
ORD-SEP-1074,24500.0,2026-09-03 05:10:00,Gaurav Bhat
ORD-SEP-1075,24500.0,2026-09-03 05:45:00,Pooja Iyer
ORD-SEP-1076,5499.0,2026-09-03 06:20:00,Ananya Sen
ORD-SEP-1077,499.0,2026-09-03 06:55:00,Gaurav Bhat
ORD-SEP-1078,499.0,2026-09-03 07:30:00,Vikram Patel
ORD-SEP-1079,12900.0,2026-09-03 08:05:00,Arjun Das
ORD-SEP-1080,12900.0,2026-09-03 08:40:00,Neha Gupta
ORD-SEP-1081,499.0,2026-09-03 09:15:00,Vikram Patel
ORD-SEP-1082,1250.0,2026-09-03 09:50:00,Deepak Rao
ORD-SEP-1083,48000.0,2026-09-03 10:25:00,Rohan Verma
ORD-SEP-1084,12900.0,2026-09-03 11:00:00,Arjun Das
ORD-SEP-1085,24500.0,2026-09-03 11:35:00,Vikram Patel
ORD-SEP-1086,12900.0,2026-09-03 12:10:00,Manish Reddy
ORD-SEP-1087,1250.0,2026-09-03 12:45:00,Kavita Nair
ORD-SEP-1088,48000.0,2026-09-03 13:20:00,Siddharth Roy
ORD-SEP-1089,499.0,2026-09-03 13:55:00,Sneha Kulkarni
ORD-SEP-1090,2999.0,2026-09-03 14:30:00,Rohan Verma
ORD-SEP-1091,5499.0,2026-09-03 15:05:00,Sneha Kulkarni
ORD-SEP-1092,24500.0,2026-09-03 15:40:00,Meera Pillai
ORD-SEP-1093,499.0,2026-09-03 16:15:00,Ananya Sen
ORD-SEP-1094,48000.0,2026-09-03 16:50:00,Sneha Kulkarni
ORD-SEP-1095,1250.0,2026-09-03 17:25:00,Meera Pillai
ORD-SEP-1096,12900.0,2026-09-03 18:00:00,Vikram Patel
ORD-SEP-1097,5499.0,2026-09-03 18:35:00,Manish Reddy
ORD-SEP-1098,5499.0,2026-09-03 19:10:00,Kavita Nair
ORD-SEP-1099,5499.0,2026-09-03 19:45:00,Vikram Patel
ORD-SEP-1100,499.0,2026-09-03 20:20:00,Siddharth Roy
